Category,RevenueUSD,InvoiceCount
Customer portfolio 01 - enterprise field retrofit program,250000,120
Customer portfolio 02 - OEM replenishment umbrella,180000,90
Customer portfolio 03 - direct digital migration subscriptions,140000,70
Customer portfolio 04 - regulated maintenance consortium,90000,60
Customer portfolio 05 - multi-site service renewal,80000,45
Customer portfolio 06 - national distributor umbrella,60000,30
Customer portfolio 07 - national distributor umbrella backup,60000,30
Customer portfolio 08 - public sector onboarding pool,30000,25
Customer portfolio 09 - partner marketplace rollup,25000,22
Customer portfolio 10 - direct ecommerce expansion,20000,20
Customer portfolio 11 - warranty conversions archive,15000,18
Customer portfolio 12 - seasonal training allocations,10000,17
Customer portfolio 13 - long tail reseller cluster alpha,8000,15
Customer portfolio 14 - long tail reseller cluster beta,7000,13
Customer portfolio 15 - long tail reseller cluster gamma,6000,12
Customer portfolio 16 - long tail reseller cluster delta,5000,11
Customer portfolio 17 - long tail reseller cluster epsilon,4000,10
Customer portfolio 18 - pilot installations retained,3000,9
Customer portfolio 19 - archived upsell experiments,2500,8
Customer portfolio 20 - procurement bridge accounts,2000,6
Customer portfolio 21 - internal chargeback recoveries,1000,4
Customer portfolio 22 - legacy portal migrations,800,3
Customer portfolio 23 - sandbox evaluation credits,700,2
Customer portfolio 24 - dormant framework placeholders,0,0
Customer portfolio 25 - zero revenue closed records,0,0
